,Credit_History,Gender_Male,Married_Yes,Dependents_1,Dependents_2,Dependents_3+,Education_Not Graduate,Self_Employed_Yes,Property_Area_Semiurban,Property_Area_Urban,Loan_Status_Y,ApplicantIncome,CoapplicantIncome,LoanAmount,Loan_Amount_Term
0,1.0,1,0,0,0,0,0,0,0,1,1,5849,0.0,128.0,360.0
1,1.0,1,1,1,0,0,0,0,0,0,0,4583,1508.0,128.0,360.0
2,1.0,1,1,0,0,0,0,1,0,1,1,3000,0.0,66.0,360.0
3,1.0,1,1,0,0,0,1,0,0,1,1,2583,2358.0,120.0,360.0
4,1.0,1,0,0,0,0,0,0,0,1,1,6000,0.0,141.0,360.0
5,1.0,1,1,0,1,0,0,1,0,1,1,5417,4196.0,267.0,360.0
6,1.0,1,1,0,0,0,1,0,0,1,1,2333,1516.0,95.0,360.0
7,0.0,1,1,0,0,1,0,0,1,0,0,3036,2504.0,158.0,360.0
8,1.0,1,1,0,1,0,0,0,0,1,1,4006,1526.0,168.0,360.0
9,1.0,1,1,1,0,0,0,0,1,0,0,12841,10968.0,349.0,360.0
10,1.0,1,1,0,1,0,0,0,0,1,1,3200,700.0,70.0,360.0
11,1.0,1,1,0,1,0,0,0,0,1,1,2500,1840.0,109.0,360.0
12,1.0,1,1,0,1,0,0,0,0,1,1,3073,8106.0,200.0,360.0
13,1.0,1,0,0,0,0,0,0,0,0,0,1853,2840.0,114.0,360.0
14,1.0,1,1,0,1,0,0,0,0,1,1,1299,1086.0,17.0,120.0
15,1.0,1,0,0,0,0,0,0,0,1,1,4950,0.0,125.0,360.0
16,1.0,1,0,1,0,0,1,0,0,1,1,3596,0.0,100.0,240.0
17,0.0,0,0,0,0,0,0,0,0,1,0,3510,0.0,76.0,360.0
18,1.0,1,1,0,0,0,1,0,0,0,0,4887,0.0,133.0,360.0
19,1.0,1,1,0,0,0,0,0,0,1,1,2600,3500.0,115.0,360.0
20,0.0,1,1,0,0,0,1,0,0,1,0,7660,0.0,104.0,360.0
21,1.0,1,1,1,0,0,0,0,0,1,1,5955,5625.0,315.0,360.0
22,0.0,1,1,0,0,0,1,0,1,0,0,2600,1911.0,116.0,360.0
23,0.0,1,1,0,1,0,1,0,0,0,0,3365,1917.0,112.0,360.0
24,1.0,1,1,1,0,0,0,0,1,0,0,3717,2925.0,151.0,360.0
25,1.0,1,1,0,0,0,0,1,1,0,1,9560,0.0,191.0,360.0
26,1.0,1,1,0,0,0,0,0,1,0,1,2799,2253.0,122.0,360.0
27,1.0,1,1,0,1,0,1,0,0,1,1,4226,1040.0,110.0,360.0
28,1.0,1,0,0,0,0,1,0,0,1,0,1442,0.0,35.0,360.0
29,1.0,0,0,0,1,0,0,0,1,0,1,3750,2083.0,120.0,360.0
30,1.0,1,1,1,0,0,0,0,0,1,0,4166,3369.0,201.0,360.0
31,1.0,1,0,0,0,0,0,0,0,1,0,3167,0.0,74.0,360.0
32,1.0,1,0,1,0,0,0,1,0,0,0,4692,0.0,106.0,360.0
33,1.0,1,1,0,0,0,0,0,1,0,1,3500,1667.0,114.0,360.0
34,1.0,1,0,0,0,1,0,0,0,0,0,12500,3000.0,320.0,360.0
35,1.0,1,1,0,0,0,0,0,0,1,1,2275,2067.0,128.0,360.0
36,0.0,1,1,0,0,0,0,0,0,1,0,1828,1330.0,100.0,360.0
37,1.0,0,1,0,0,0,0,0,1,0,1,3667,1459.0,144.0,360.0
38,1.0,1,0,0,0,0,0,0,0,1,1,4166,7210.0,184.0,360.0
39,1.0,1,0,0,0,0,1,0,1,0,1,3748,1668.0,110.0,360.0
40,1.0,1,0,0,0,0,0,0,0,1,0,3600,0.0,80.0,360.0
41,1.0,1,0,0,0,0,0,0,0,1,1,1800,1213.0,47.0,360.0
42,1.0,1,1,0,0,0,0,0,0,1,1,2400,0.0,75.0,360.0
43,1.0,1,1,0,0,0,0,0,1,0,1,3941,2336.0,134.0,360.0
44,1.0,1,1,0,0,0,1,1,0,1,1,4695,0.0,96.0,360.0
45,1.0,0,0,0,0,0,0,0,0,1,1,3410,0.0,88.0,360.0
46,1.0,1,1,1,0,0,0,0,0,1,1,5649,0.0,44.0,360.0
47,1.0,1,1,0,0,0,0,0,0,1,1,5821,0.0,144.0,360.0
48,0.0,0,1,0,0,0,0,0,0,1,0,2645,3440.0,120.0,360.0
49,1.0,0,0,0,0,0,0,0,1,0,1,4000,2275.0,144.0,360.0
50,1.0,0,1,0,0,0,1,0,1,0,1,1928,1644.0,100.0,360.0
51,1.0,0,0,0,0,0,0,0,1,0,1,3086,0.0,120.0,360.0
52,1.0,0,0,0,0,0,0,0,1,0,0,4230,0.0,112.0,360.0
53,1.0,1,1,0,1,0,0,0,0,1,0,4616,0.0,134.0,360.0
54,0.0,0,1,1,0,0,0,1,0,1,0,11500,0.0,286.0,360.0
55,1.0,1,1,0,1,0,0,0,1,0,1,2708,1167.0,97.0,360.0
56,1.0,1,1,0,0,0,0,0,1,0,1,2132,1591.0,96.0,360.0
57,1.0,1,1,0,0,0,0,0,0,0,0,3366,2200.0,135.0,360.0
58,1.0,1,1,1,0,0,0,0,0,1,1,8080,2250.0,180.0,360.0
59,1.0,1,1,0,1,0,1,0,0,1,1,3357,2859.0,144.0,360.0
60,1.0,1,1,0,0,0,0,0,0,1,1,2500,3796.0,120.0,360.0
61,1.0,1,1,0,0,1,0,0,0,1,1,3029,0.0,99.0,360.0
62,0.0,1,1,0,0,0,1,1,0,0,0,2609,3449.0,165.0,180.0
63,0.0,1,1,1,0,0,0,0,0,0,0,4945,0.0,128.0,360.0
64,0.0,0,0,0,0,0,0,0,1,0,0,4166,0.0,116.0,360.0
65,1.0,1,1,0,0,0,0,0,1,0,0,5726,4595.0,258.0,360.0
66,0.0,1,0,0,0,0,1,0,0,1,0,3200,2254.0,126.0,180.0
67,1.0,1,1,1,0,0,0,0,0,1,1,10750,0.0,312.0,360.0
68,1.0,1,1,0,0,1,1,1,0,1,1,7100,0.0,125.0,60.0
69,0.0,0,0,0,0,0,0,0,1,0,0,4300,0.0,136.0,360.0
70,1.0,1,1,0,0,0,0,0,0,1,1,3208,3066.0,172.0,360.0
71,1.0,1,1,0,1,0,1,1,1,0,1,1875,1875.0,97.0,360.0
72,1.0,1,0,0,0,0,0,0,1,0,1,3500,0.0,81.0,300.0
73,0.0,1,1,0,0,1,1,0,1,0,0,4755,0.0,95.0,360.0
74,1.0,1,1,0,0,1,0,1,1,0,1,5266,1774.0,187.0,360.0
75,1.0,1,0,0,0,0,0,0,0,1,0,3750,0.0,113.0,480.0
76,1.0,1,0,0,0,0,0,0,0,1,0,3750,4750.0,176.0,360.0
77,1.0,1,1,1,0,0,0,1,0,1,0,1000,3022.0,110.0,360.0
78,0.0,1,1,0,0,1,0,0,1,0,0,3167,4000.0,180.0,300.0
79,1.0,1,1,0,0,1,1,1,1,0,1,3333,2166.0,130.0,360.0
80,1.0,0,0,0,0,0,0,0,1,0,1,3846,0.0,111.0,360.0
81,1.0,1,1,1,0,0,0,1,1,0,1,2395,0.0,128.0,360.0
82,1.0,0,1,0,1,0,0,0,0,1,0,1378,1881.0,167.0,360.0
83,1.0,1,1,0,0,0,0,0,1,0,0,6000,2250.0,265.0,360.0
84,1.0,1,1,1,0,0,0,0,0,1,1,3988,0.0,50.0,240.0
85,1.0,1,0,0,0,0,0,0,1,0,1,2366,2531.0,136.0,360.0
86,1.0,1,1,0,1,0,1,0,1,0,1,3333,2000.0,99.0,360.0
87,1.0,1,1,0,0,0,0,0,1,0,1,2500,2118.0,104.0,360.0
88,1.0,1,0,0,0,0,0,0,0,1,1,8566,0.0,210.0,360.0
89,1.0,1,1,0,0,0,0,0,1,0,1,5695,4167.0,175.0,360.0
90,1.0,1,1,0,0,0,0,0,1,0,1,2958,2900.0,131.0,360.0
91,1.0,1,1,0,1,0,0,0,1,0,1,6250,5654.0,188.0,180.0
92,1.0,1,1,0,1,0,1,0,0,1,1,3273,1820.0,81.0,360.0
93,1.0,1,0,0,0,0,0,0,1,0,1,4133,0.0,122.0,360.0
94,1.0,1,0,0,0,0,1,0,1,0,1,3620,0.0,25.0,120.0
95,1.0,1,0,0,0,0,0,0,0,1,0,6782,0.0,128.0,360.0
96,1.0,0,1,0,0,0,0,0,1,0,1,2484,2302.0,137.0,360.0
97,1.0,1,1,0,0,0,0,0,1,0,1,1977,997.0,50.0,360.0
98,1.0,1,1,0,0,0,1,0,1,0,1,4188,0.0,115.0,180.0
99,1.0,1,1,0,0,0,0,0,1,0,1,1759,3541.0,131.0,360.0
100,1.0,1,1,0,1,0,1,0,0,1,1,4288,3263.0,133.0,180.0
101,1.0,1,0,0,0,0,0,0,1,0,1,4843,3806.0,151.0,360.0
102,1.0,1,1,0,0,0,0,0,0,1,1,13650,0.0,128.0,360.0
103,1.0,1,1,0,0,0,0,0,1,0,1,4652,3583.0,128.0,360.0
104,1.0,1,1,0,0,0,0,0,0,1,1,3816,754.0,160.0,360.0
105,1.0,1,1,1,0,0,0,0,0,1,1,3052,1030.0,100.0,360.0
106,1.0,1,1,0,1,0,0,0,0,1,1,11417,1126.0,225.0,360.0
107,1.0,1,0,0,0,0,1,0,0,0,0,7333,0.0,120.0,360.0
108,0.0,1,1,0,1,0,0,0,0,1,0,3800,3600.0,216.0,360.0
109,1.0,1,1,0,0,1,1,0,1,0,1,2071,754.0,94.0,480.0
110,1.0,1,0,0,0,0,0,0,0,1,1,5316,0.0,136.0,360.0
111,1.0,0,1,0,0,0,0,0,1,0,1,2929,2333.0,139.0,360.0
112,0.0,1,1,0,0,0,1,0,0,0,0,3572,4114.0,152.0,360.0
113,1.0,0,0,1,0,0,0,1,1,0,1,7451,0.0,128.0,360.0
114,1.0,1,0,0,0,0,0,0,1,0,1,5050,0.0,118.0,360.0
115,1.0,1,1,1,0,0,0,0,0,0,1,14583,0.0,185.0,180.0
116,1.0,0,1,0,0,0,0,0,1,0,1,3167,2283.0,154.0,360.0
117,1.0,1,1,1,0,0,0,0,0,1,1,2214,1398.0,85.0,360.0
118,1.0,1,1,0,0,0,0,0,0,0,0,5568,2142.0,175.0,360.0
119,1.0,0,0,0,0,0,0,0,0,1,1,10408,0.0,259.0,360.0
120,1.0,1,1,0,0,0,0,0,0,0,1,5667,2667.0,180.0,360.0
121,1.0,0,0,0,0,0,0,0,1,0,1,4166,0.0,44.0,360.0
122,0.0,0,0,0,0,0,0,0,1,0,1,2137,8980.0,137.0,360.0
123,1.0,1,1,0,1,0,0,0,1,0,1,2957,0.0,81.0,360.0
124,1.0,1,1,0,0,0,1,0,0,0,1,4300,2014.0,194.0,360.0
125,1.0,0,0,0,0,0,0,0,0,0,1,3692,0.0,93.0,360.0
126,1.0,1,1,0,0,1,0,0,0,0,1,23803,0.0,370.0,360.0
127,1.0,1,0,0,0,0,0,0,0,0,1,3865,1640.0,128.0,360.0
128,0.0,1,1,1,0,0,0,1,0,1,0,10513,3850.0,160.0,180.0
129,1.0,1,1,0,0,0,0,0,0,0,0,6080,2569.0,182.0,360.0
130,1.0,1,0,0,0,0,0,1,0,1,1,20166,0.0,650.0,480.0
131,1.0,1,0,0,0,0,0,0,0,1,1,2014,1929.0,74.0,360.0
132,1.0,1,0,0,0,0,0,0,1,0,1,2718,0.0,70.0,360.0
133,1.0,1,1,0,0,0,0,1,1,0,1,3459,0.0,25.0,120.0
134,1.0,1,0,0,0,0,0,0,1,0,1,4895,0.0,102.0,360.0
135,1.0,1,1,0,0,1,0,0,1,0,0,4000,7750.0,290.0,360.0
136,1.0,0,1,0,0,0,0,0,0,0,0,4583,0.0,84.0,360.0
137,1.0,1,1,0,1,0,0,1,0,1,1,3316,3500.0,88.0,360.0
138,0.0,1,0,0,0,0,0,0,1,0,0,14999,0.0,242.0,360.0
139,1.0,1,1,0,1,0,1,0,0,0,0,4200,1430.0,129.0,360.0
140,1.0,1,1,0,1,0,0,0,0,0,0,5042,2083.0,185.0,360.0
141,1.0,1,0,0,0,0,0,0,0,1,1,5417,0.0,168.0,360.0
142,1.0,1,0,0,0,0,0,1,1,0,1,6950,0.0,175.0,180.0
143,1.0,1,1,0,0,0,0,0,1,0,1,2698,2034.0,122.0,360.0
144,1.0,1,1,0,1,0,0,0,0,1,1,11757,0.0,187.0,180.0
145,1.0,0,1,0,0,0,0,0,1,0,1,2330,4486.0,100.0,360.0
146,1.0,0,1,0,1,0,0,0,0,1,1,14866,0.0,70.0,360.0
147,1.0,1,1,1,0,0,0,0,0,1,1,1538,1425.0,30.0,360.0
148,1.0,0,0,0,0,0,0,0,0,0,0,10000,1666.0,225.0,360.0
149,1.0,1,1,0,0,0,0,0,1,0,1,4860,830.0,125.0,360.0
150,0.0,1,0,0,0,0,0,0,0,0,0,6277,0.0,118.0,360.0
151,1.0,1,1,0,0,0,0,1,0,0,1,2577,3750.0,152.0,360.0
152,1.0,1,0,0,0,0,0,0,0,1,0,9166,0.0,244.0,360.0
153,1.0,1,1,0,1,0,1,0,0,0,0,2281,0.0,113.0,360.0
154,1.0,1,0,0,0,0,0,0,0,1,1,3254,0.0,50.0,360.0
155,0.0,1,1,0,0,1,0,0,1,0,1,39999,0.0,600.0,180.0
156,1.0,1,1,1,0,0,0,0,0,0,1,6000,0.0,160.0,360.0
157,1.0,1,1,1,0,0,0,0,0,1,1,9538,0.0,187.0,360.0
158,1.0,1,0,0,0,0,0,0,0,0,1,2980,2083.0,120.0,360.0
159,1.0,1,1,0,0,0,0,0,1,0,1,4583,5625.0,255.0,360.0
160,1.0,1,1,0,0,0,1,0,1,0,1,1863,1041.0,98.0,360.0
161,1.0,1,1,0,0,0,0,0,0,1,0,7933,0.0,275.0,360.0
162,0.0,1,1,1,0,0,0,0,1,0,0,3089,1280.0,121.0,360.0
163,1.0,1,1,0,1,0,0,0,0,0,1,4167,1447.0,158.0,360.0
164,1.0,1,1,0,0,0,0,0,0,1,1,9323,0.0,75.0,180.0
165,1.0,1,1,0,0,0,0,0,0,0,1,3707,3166.0,182.0,360.0
166,1.0,0,1,0,0,0,0,0,0,0,0,4583,0.0,112.0,360.0
167,1.0,1,1,0,0,0,0,0,0,0,1,2439,3333.0,129.0,360.0
168,0.0,1,0,0,0,0,0,0,1,0,0,2237,0.0,63.0,480.0
169,1.0,1,1,0,1,0,0,0,1,0,1,8000,0.0,200.0,360.0
170,1.0,1,1,0,0,0,1,0,0,0,1,1820,1769.0,95.0,360.0
171,1.0,1,1,0,0,1,0,0,0,1,1,51763,0.0,700.0,300.0
172,1.0,1,1,0,0,1,1,0,0,0,0,3522,0.0,81.0,180.0
173,1.0,1,1,0,0,0,0,0,1,0,1,5708,5625.0,187.0,360.0
174,1.0,1,1,0,0,0,1,1,1,0,0,4344,736.0,87.0,360.0
175,1.0,1,1,0,0,0,0,0,0,0,1,3497,1964.0,116.0,360.0
176,1.0,1,1,0,1,0,0,0,0,0,1,2045,1619.0,101.0,360.0
177,0.0,1,1,0,0,1,0,0,1,0,0,5516,11300.0,495.0,360.0
178,1.0,1,1,1,0,0,0,0,1,0,1,3750,0.0,116.0,360.0
179,0.0,1,0,0,0,0,1,0,0,1,0,2333,1451.0,102.0,480.0
180,0.0,1,1,1,0,0,0,0,0,1,0,6400,7250.0,180.0,360.0
181,1.0,1,0,0,0,0,0,0,0,0,0,1916,5063.0,67.0,360.0
182,1.0,1,1,0,0,0,0,0,1,0,1,4600,0.0,73.0,180.0
183,1.0,1,1,1,0,0,0,0,1,0,0,33846,0.0,260.0,360.0
184,1.0,0,1,0,0,0,0,0,1,0,1,3625,0.0,108.0,360.0
185,1.0,1,1,0,0,0,0,1,1,0,1,39147,4750.0,120.0,360.0
186,0.0,1,1,1,0,0,0,1,0,0,0,2178,0.0,66.0,300.0
187,1.0,1,1,0,0,0,0,0,0,0,1,2383,2138.0,58.0,360.0
188,1.0,1,1,0,0,0,0,1,0,0,1,674,5296.0,168.0,360.0
189,1.0,1,1,0,0,0,0,0,0,0,1,9328,0.0,188.0,180.0
190,1.0,1,0,0,0,0,1,0,0,0,1,4885,0.0,48.0,360.0
191,1.0,1,0,0,0,0,0,0,1,0,0,12000,0.0,164.0,360.0
192,1.0,1,1,0,0,0,1,0,0,1,0,6033,0.0,160.0,360.0
193,1.0,1,0,0,0,0,0,0,1,0,1,3858,0.0,76.0,360.0
194,1.0,1,0,0,0,0,0,0,0,0,1,4191,0.0,120.0,360.0
195,1.0,1,1,1,0,0,0,0,1,0,0,3125,2583.0,170.0,360.0
196,1.0,1,0,0,0,0,0,0,0,0,1,8333,3750.0,187.0,360.0
197,1.0,0,0,0,0,0,1,0,0,1,1,1907,2365.0,120.0,360.0
198,1.0,0,1,0,0,0,0,0,1,0,1,3416,2816.0,113.0,360.0
199,1.0,1,0,0,0,0,0,1,0,1,0,11000,0.0,83.0,360.0
200,1.0,1,1,1,0,0,1,0,1,0,1,2600,2500.0,90.0,360.0
201,0.0,1,0,0,1,0,0,0,1,0,1,4923,0.0,166.0,360.0
202,1.0,1,1,0,0,1,1,0,0,1,0,3992,0.0,128.0,180.0
203,1.0,1,1,1,0,0,1,0,0,1,1,3500,1083.0,135.0,360.0
204,1.0,1,1,0,1,0,1,0,1,0,1,3917,0.0,124.0,360.0
205,1.0,0,0,0,0,0,1,0,1,0,1,4408,0.0,120.0,360.0
206,1.0,0,0,0,0,0,0,0,0,1,1,3244,0.0,80.0,360.0
207,1.0,1,0,0,0,0,1,0,0,0,1,3975,2531.0,55.0,360.0
208,1.0,1,0,0,0,0,0,0,0,1,1,2479,0.0,59.0,360.0
209,1.0,1,0,0,0,0,0,0,1,0,0,3418,0.0,127.0,360.0
210,1.0,0,0,0,0,0,0,0,1,0,0,10000,0.0,214.0,360.0
211,0.0,1,1,0,0,1,0,0,1,0,0,3430,1250.0,128.0,360.0
212,1.0,1,1,1,0,0,0,1,0,1,1,7787,0.0,240.0,360.0
213,1.0,1,1,0,0,1,1,1,0,0,1,5703,0.0,130.0,360.0
214,1.0,1,1,0,0,0,0,0,0,1,1,3173,3021.0,137.0,360.0
215,1.0,1,1,0,0,1,1,0,1,0,1,3850,983.0,100.0,360.0
216,1.0,1,1,0,0,0,0,0,0,0,0,150,1800.0,135.0,360.0
217,1.0,1,1,0,0,0,0,0,1,0,1,3727,1775.0,131.0,360.0
218,0.0,1,1,0,1,0,0,0,1,0,0,5000,0.0,72.0,360.0
219,1.0,0,1,0,1,0,0,0,1,0,1,4283,2383.0,127.0,360.0
220,0.0,1,1,0,0,0,0,0,0,1,0,2221,0.0,60.0,360.0
221,1.0,1,1,0,1,0,0,0,1,0,1,4009,1717.0,116.0,360.0
222,1.0,1,0,0,0,0,0,0,1,0,1,2971,2791.0,144.0,360.0
223,1.0,1,1,0,0,0,0,0,1,0,1,7578,1010.0,175.0,360.0
224,1.0,1,1,0,0,0,0,0,1,0,1,6250,0.0,128.0,360.0
225,1.0,1,1,0,0,0,0,0,0,0,0,3250,0.0,170.0,360.0
226,1.0,1,1,0,0,0,1,1,0,1,0,4735,0.0,138.0,360.0
227,1.0,1,1,0,1,0,0,0,1,0,1,6250,1695.0,210.0,360.0
228,1.0,1,1,0,0,0,0,0,1,0,1,4758,0.0,158.0,480.0
229,1.0,1,0,0,0,0,0,1,0,0,1,6400,0.0,200.0,360.0
230,1.0,1,1,1,0,0,0,0,1,0,1,2491,2054.0,104.0,360.0
231,1.0,1,1,0,0,0,0,0,0,0,1,3716,0.0,42.0,180.0
232,1.0,1,0,0,0,0,1,0,0,0,1,3189,2598.0,120.0,360.0
233,1.0,0,0,0,0,0,0,0,1,0,1,8333,0.0,280.0,360.0
234,1.0,1,1,1,0,0,0,0,1,0,1,3155,1779.0,140.0,360.0
235,1.0,1,1,1,0,0,0,0,0,0,1,5500,1260.0,170.0,360.0
236,1.0,1,1,0,0,0,0,0,0,1,0,5746,0.0,255.0,360.0
237,1.0,0,0,0,0,0,0,1,0,1,1,3463,0.0,122.0,360.0
238,1.0,0,0,1,0,0,0,0,0,0,1,3812,0.0,112.0,360.0
239,1.0,1,1,1,0,0,0,0,1,0,1,3315,0.0,96.0,360.0
240,1.0,1,1,0,1,0,0,0,0,0,1,5819,5000.0,120.0,360.0
241,1.0,1,1,1,0,0,1,0,0,1,0,2510,1983.0,140.0,180.0
242,1.0,1,0,0,0,0,0,0,0,1,1,2965,5701.0,155.0,60.0
243,1.0,1,1,0,1,0,0,1,0,0,1,6250,1300.0,108.0,360.0
244,1.0,1,1,0,0,0,1,0,1,0,1,3406,4417.0,123.0,360.0
245,1.0,1,0,0,0,0,0,1,0,1,0,6050,4333.0,120.0,180.0
246,1.0,1,1,0,1,0,0,0,0,1,1,9703,0.0,112.0,360.0
247,1.0,1,1,1,0,0,1,0,0,1,1,6608,0.0,137.0,180.0
248,1.0,1,1,1,0,0,0,0,1,0,1,2882,1843.0,123.0,480.0
249,1.0,1,1,0,0,0,0,0,0,1,1,1809,1868.0,90.0,360.0
250,0.0,1,1,0,0,0,1,0,1,0,0,1668,3890.0,201.0,360.0
251,1.0,0,0,0,1,0,0,0,0,1,0,3427,0.0,138.0,360.0
252,1.0,1,0,0,0,0,1,1,0,0,1,2583,2167.0,104.0,360.0
253,1.0,1,1,1,0,0,1,0,1,0,1,2661,7101.0,279.0,180.0
254,0.0,1,0,0,0,0,0,1,0,1,0,16250,0.0,192.0,360.0
255,1.0,0,0,0,0,1,0,0,0,0,1,3083,0.0,255.0,360.0
256,0.0,1,0,0,0,0,1,0,0,0,0,6045,0.0,115.0,360.0
257,1.0,1,1,0,0,1,0,0,0,1,0,5250,0.0,94.0,360.0
258,1.0,1,1,0,0,0,0,0,0,0,0,14683,2100.0,304.0,360.0
259,1.0,1,1,0,0,1,1,0,1,0,0,4931,0.0,128.0,360.0
260,1.0,1,1,1,0,0,0,0,0,1,1,6083,4250.0,330.0,360.0
261,1.0,1,0,0,0,0,0,0,1,0,1,2060,2209.0,134.0,360.0
262,1.0,0,0,1,0,0,0,0,1,0,0,3481,0.0,155.0,36.0
263,1.0,0,0,0,0,0,0,0,0,0,1,7200,0.0,120.0,360.0
264,1.0,1,0,0,0,0,0,1,1,0,1,5166,0.0,128.0,360.0
265,1.0,1,0,0,0,0,0,0,0,0,1,4095,3447.0,151.0,360.0
266,1.0,1,1,0,1,0,0,0,1,0,1,4708,1387.0,150.0,360.0
267,0.0,1,1,0,0,1,0,0,0,1,1,4333,1811.0,160.0,360.0
268,1.0,0,0,0,0,0,0,0,0,0,0,3418,0.0,135.0,360.0
269,1.0,0,0,1,0,0,0,0,0,1,1,2876,1560.0,90.0,360.0
270,1.0,0,0,0,0,0,0,0,0,1,1,3237,0.0,30.0,360.0
271,1.0,1,1,0,0,0,0,0,0,1,1,11146,0.0,136.0,360.0
272,1.0,1,0,0,0,0,0,0,0,0,1,2833,1857.0,126.0,360.0
273,1.0,1,1,0,0,0,0,0,1,0,1,2620,2223.0,150.0,360.0
274,1.0,1,1,0,1,0,0,0,1,0,1,3900,0.0,90.0,360.0
275,1.0,1,1,1,0,0,0,0,1,0,1,2750,1842.0,115.0,360.0
276,1.0,1,1,0,0,0,0,0,1,0,1,3993,3274.0,207.0,360.0
277,1.0,1,1,0,0,0,0,0,0,1,1,3103,1300.0,80.0,360.0
278,1.0,1,1,0,0,0,0,0,1,0,1,14583,0.0,436.0,360.0
279,1.0,0,1,0,0,0,1,0,0,0,1,4100,0.0,124.0,360.0
280,0.0,1,0,1,0,0,1,1,0,1,0,4053,2426.0,158.0,360.0
281,1.0,1,1,0,0,0,0,0,1,0,1,3927,800.0,112.0,360.0
282,1.0,1,1,0,1,0,0,0,0,1,1,2301,985.7999878,78.0,180.0
283,1.0,0,0,0,0,0,0,0,0,1,1,1811,1666.0,54.0,360.0
284,1.0,1,1,0,0,0,0,0,0,0,0,20667,0.0,128.0,360.0
285,1.0,1,0,0,0,0,0,0,0,0,1,3158,3053.0,89.0,360.0
286,1.0,0,0,0,0,0,0,1,1,0,0,2600,1717.0,99.0,300.0
287,1.0,1,1,0,0,0,0,0,0,0,1,3704,2000.0,120.0,360.0
288,1.0,0,0,0,0,0,0,0,1,0,1,4124,0.0,115.0,360.0
289,1.0,1,0,0,0,0,0,0,0,0,1,9508,0.0,187.0,360.0
290,1.0,1,1,0,0,0,0,0,0,0,1,3075,2416.0,139.0,360.0
291,0.0,1,1,0,1,0,0,0,1,0,0,4400,0.0,127.0,360.0
292,1.0,1,1,0,1,0,0,0,0,1,1,3153,1560.0,134.0,360.0
293,0.0,0,0,0,0,0,0,0,0,1,0,5417,0.0,143.0,480.0
294,1.0,1,1,0,0,0,0,0,1,0,1,2383,3334.0,172.0,360.0
295,1.0,1,1,0,0,1,0,0,0,1,1,4416,1250.0,110.0,360.0
296,1.0,1,1,1,0,0,0,0,1,0,1,6875,0.0,200.0,360.0
297,1.0,0,1,1,0,0,0,0,0,1,1,4666,0.0,135.0,360.0
298,1.0,0,0,0,0,0,0,0,0,0,0,5000,2541.0,151.0,480.0
299,1.0,1,1,1,0,0,0,0,0,1,0,2014,2925.0,113.0,360.0
300,0.0,1,1,0,0,0,1,0,0,1,0,1800,2934.0,93.0,360.0
301,1.0,1,1,0,0,0,1,0,1,0,1,2875,1750.0,105.0,360.0
302,1.0,0,0,0,0,0,0,0,0,0,1,5000,0.0,132.0,360.0
303,1.0,1,1,1,0,0,0,0,0,1,1,1625,1803.0,96.0,360.0
304,1.0,1,0,0,0,0,0,0,0,0,1,4000,2500.0,140.0,360.0
305,1.0,1,0,0,0,0,1,0,0,1,0,2000,0.0,128.0,360.0
306,1.0,0,0,0,0,0,0,0,0,0,1,3762,1666.0,135.0,360.0
307,0.0,0,0,0,0,0,0,0,0,1,0,2400,1863.0,104.0,360.0
308,1.0,1,0,0,0,0,0,0,0,0,0,20233,0.0,480.0,360.0
309,1.0,1,1,0,1,0,1,0,0,0,1,7667,0.0,185.0,360.0
310,1.0,0,0,0,0,0,0,0,1,0,1,2917,0.0,84.0,360.0
311,1.0,1,0,0,0,0,1,0,1,0,1,2927,2405.0,111.0,360.0
312,1.0,0,0,0,0,0,0,0,0,0,1,2507,0.0,56.0,360.0
313,1.0,1,1,0,1,0,0,1,0,0,1,5746,0.0,144.0,84.0
314,1.0,1,1,0,0,0,0,0,0,0,0,2473,1843.0,159.0,360.0
315,1.0,1,1,1,0,0,1,0,0,1,1,3399,1640.0,111.0,180.0
316,1.0,1,1,0,1,0,0,0,1,0,1,3717,0.0,120.0,360.0
317,1.0,1,1,0,0,0,0,0,0,1,1,2058,2134.0,88.0,360.0
318,1.0,0,0,1,0,0,0,0,1,0,1,3541,0.0,112.0,360.0
319,1.0,1,1,1,0,0,0,1,0,0,0,10000,0.0,155.0,360.0
320,1.0,1,1,0,0,0,0,0,1,0,1,2400,2167.0,115.0,360.0
321,1.0,1,1,0,0,1,0,0,1,0,1,4342,189.0,124.0,360.0
322,1.0,1,1,0,1,0,1,0,0,0,1,3601,1590.0,128.0,360.0
323,1.0,0,0,0,0,0,0,0,0,0,1,3166,2985.0,132.0,360.0
324,1.0,1,1,0,0,1,0,0,0,0,1,15000,0.0,300.0,360.0
325,0.0,1,1,1,0,0,0,1,0,0,0,8666,4983.0,376.0,360.0
326,0.0,1,0,0,0,0,0,0,0,0,1,4917,0.0,130.0,360.0
327,1.0,1,1,0,0,0,0,1,1,0,1,5818,2160.0,184.0,360.0
328,1.0,0,1,0,0,0,0,0,0,1,0,4333,2451.0,110.0,360.0
329,1.0,0,0,0,0,0,0,0,0,1,1,2500,0.0,67.0,360.0
330,1.0,1,0,1,0,0,0,0,0,1,1,4384,1793.0,117.0,360.0
331,1.0,1,0,0,0,0,0,0,1,0,1,2935,0.0,98.0,360.0
332,1.0,1,0,0,0,0,0,0,0,1,1,2833,0.0,71.0,360.0
333,1.0,1,1,0,0,0,0,0,0,1,1,63337,0.0,490.0,180.0
334,1.0,1,1,1,0,0,0,1,0,1,1,9833,1833.0,182.0,180.0
335,1.0,1,1,0,0,0,0,1,1,0,1,5503,4490.0,70.0,360.0
336,1.0,1,1,1,0,0,0,0,0,0,1,5250,688.0,160.0,360.0
337,1.0,1,1,0,1,0,0,1,0,0,1,2500,4600.0,176.0,360.0
338,0.0,0,0,0,0,1,1,0,0,1,0,1830,0.0,128.0,360.0
339,1.0,0,0,0,0,0,0,0,1,0,1,4160,0.0,71.0,360.0
340,1.0,1,1,0,0,1,1,0,0,0,0,2647,1587.0,173.0,360.0
341,1.0,0,0,0,0,0,0,0,0,0,0,2378,0.0,46.0,360.0
342,1.0,1,1,1,0,0,1,0,0,1,1,4554,1229.0,158.0,360.0
343,1.0,1,1,0,0,1,1,0,1,0,1,3173,0.0,74.0,360.0
344,1.0,1,1,0,1,0,0,0,0,0,1,2583,2330.0,125.0,360.0
345,1.0,1,1,0,0,0,0,0,1,0,1,2499,2458.0,160.0,360.0
346,0.0,1,1,0,0,0,1,0,0,0,0,3523,3230.0,152.0,360.0
347,1.0,1,1,0,1,0,1,0,0,1,1,3083,2168.0,126.0,360.0
348,1.0,1,1,0,0,0,0,0,1,0,1,6333,4583.0,259.0,360.0
349,1.0,1,1,0,0,0,0,0,0,0,1,2625,6250.0,187.0,360.0
350,1.0,1,1,0,0,0,0,0,1,0,1,9083,0.0,228.0,360.0
351,1.0,1,0,0,0,0,0,0,0,0,0,8750,4167.0,308.0,360.0
352,1.0,1,1,0,0,1,0,0,0,0,1,2666,2083.0,95.0,360.0
353,0.0,0,1,0,0,0,0,1,0,0,0,5500,0.0,105.0,360.0
354,1.0,0,1,0,0,0,0,0,1,0,1,2423,505.0,130.0,360.0
355,1.0,0,0,0,0,0,0,0,0,1,1,3813,0.0,116.0,180.0
356,1.0,1,1,0,1,0,0,0,0,0,1,8333,3167.0,165.0,360.0
357,1.0,1,1,1,0,0,0,0,0,1,0,3875,0.0,67.0,360.0
358,0.0,1,1,0,0,0,1,0,0,1,0,3000,1666.0,100.0,480.0
359,1.0,1,1,0,0,1,0,0,1,0,1,5167,3167.0,200.0,360.0
360,1.0,0,0,1,0,0,0,0,1,0,0,4723,0.0,81.0,360.0
361,1.0,1,1,0,1,0,0,0,1,0,1,5000,3667.0,236.0,360.0
362,1.0,1,1,0,0,0,0,0,0,1,1,4750,2333.0,130.0,360.0
363,1.0,1,1,0,0,0,0,0,0,1,1,3013,3033.0,95.0,300.0
364,1.0,1,0,0,0,0,0,1,0,0,1,6822,0.0,141.0,360.0
365,1.0,1,0,0,0,0,1,0,0,0,0,6216,0.0,133.0,360.0
366,1.0,1,0,0,0,0,0,0,1,0,0,2500,0.0,96.0,480.0
367,0.0,1,0,0,0,0,0,0,0,0,0,5124,0.0,124.0,360.0
368,1.0,1,1,1,0,0,0,0,1,0,1,6325,0.0,175.0,360.0
369,1.0,1,1,0,0,0,0,0,0,0,0,19730,5266.0,570.0,360.0
370,1.0,0,0,0,0,0,0,1,1,0,1,15759,0.0,55.0,360.0
371,1.0,1,1,0,1,0,0,0,1,0,1,5185,0.0,155.0,360.0
372,1.0,1,1,0,1,0,0,1,0,0,1,9323,7873.0,380.0,300.0
373,0.0,1,0,1,0,0,0,0,0,1,0,3062,1987.0,111.0,180.0
374,1.0,0,0,0,0,0,0,0,0,1,1,2764,1459.0,110.0,360.0
375,1.0,1,1,0,0,0,0,0,0,1,1,4817,923.0,120.0,180.0
376,1.0,1,1,0,0,1,0,0,0,0,1,8750,4996.0,130.0,360.0
377,1.0,1,1,0,0,0,0,0,1,0,1,4310,0.0,130.0,360.0
378,1.0,1,0,0,0,0,0,0,0,1,0,3069,0.0,71.0,480.0
379,1.0,1,1,0,1,0,0,0,0,1,1,5391,0.0,130.0,360.0
380,1.0,1,1,0,0,0,0,0,1,0,1,3333,2500.0,128.0,360.0
381,1.0,1,0,0,0,0,0,0,1,0,1,5941,4232.0,296.0,360.0
382,1.0,0,0,0,0,0,0,0,0,1,1,6000,0.0,156.0,360.0
383,1.0,1,0,0,0,0,0,1,0,1,1,7167,0.0,128.0,360.0
384,1.0,1,1,0,1,0,0,0,0,1,0,4566,0.0,100.0,360.0
385,1.0,1,0,1,0,0,0,0,0,1,1,3667,0.0,113.0,180.0
386,1.0,1,0,0,0,0,1,0,1,0,1,2346,1600.0,132.0,360.0
387,0.0,1,1,0,0,0,1,0,0,1,0,3010,3136.0,128.0,360.0
388,1.0,1,1,0,0,0,0,0,0,1,1,2333,2417.0,136.0,360.0
389,1.0,1,1,0,0,0,0,0,0,0,1,5488,0.0,125.0,360.0
390,1.0,1,0,0,0,1,0,0,0,0,1,9167,0.0,185.0,360.0
391,1.0,1,1,0,0,1,0,0,0,0,1,9504,0.0,275.0,360.0
392,1.0,1,1,0,0,0,0,0,0,1,1,2583,2115.0,120.0,360.0
393,1.0,1,1,0,1,0,1,0,1,0,1,1993,1625.0,113.0,180.0
394,1.0,1,1,0,1,0,0,0,0,1,1,3100,1400.0,113.0,360.0
395,1.0,1,1,0,1,0,0,0,1,0,1,3276,484.0,135.0,360.0
396,0.0,0,0,0,0,0,0,0,0,1,0,3180,0.0,71.0,360.0
397,1.0,1,1,0,0,0,0,0,0,1,1,3033,1459.0,95.0,360.0
398,1.0,1,0,0,0,0,1,0,0,0,1,3902,1666.0,109.0,360.0
399,0.0,0,0,0,0,0,0,0,1,0,0,1500,1800.0,103.0,360.0
400,0.0,1,1,0,1,0,1,0,0,1,0,2889,0.0,45.0,180.0
401,1.0,1,0,0,0,0,1,0,0,0,0,2755,0.0,65.0,300.0
402,1.0,1,0,0,0,0,0,0,1,0,1,2500,20000.0,103.0,360.0
403,1.0,0,0,0,0,0,1,0,1,0,1,1963,0.0,53.0,360.0
404,1.0,0,0,0,0,0,0,1,0,0,0,7441,0.0,194.0,360.0
405,1.0,0,0,0,0,0,0,0,1,0,1,4547,0.0,115.0,360.0
406,1.0,1,1,0,0,0,1,0,0,1,1,2167,2400.0,115.0,360.0
407,1.0,0,0,0,0,0,1,0,0,0,1,2213,0.0,66.0,360.0
408,0.0,1,1,1,0,0,0,0,1,0,0,8300,0.0,152.0,300.0
409,0.0,1,1,0,0,1,0,0,0,0,0,81000,0.0,360.0,360.0
410,1.0,0,0,1,0,0,1,1,1,0,0,3867,0.0,62.0,360.0
411,1.0,1,1,0,0,0,0,0,0,1,1,6256,0.0,160.0,360.0
412,0.0,1,1,0,0,0,1,0,0,0,0,6096,0.0,218.0,360.0
413,1.0,1,1,0,0,0,1,0,0,0,1,2253,2033.0,110.0,360.0
414,0.0,0,1,0,0,0,1,0,1,0,0,2149,3237.0,178.0,360.0
415,1.0,0,0,0,0,0,0,0,0,1,1,2995,0.0,60.0,360.0
416,1.0,0,0,1,0,0,0,0,0,1,0,2600,0.0,160.0,360.0
417,1.0,1,1,0,1,0,0,1,0,1,0,1600,20000.0,239.0,360.0
418,1.0,1,1,0,0,0,0,0,0,0,1,1025,2773.0,112.0,360.0
419,1.0,1,1,0,0,0,0,0,1,0,1,3246,1417.0,138.0,360.0
420,1.0,1,1,0,0,0,0,0,0,0,1,5829,0.0,138.0,360.0
421,0.0,0,0,0,0,0,1,0,0,1,0,2720,0.0,80.0,360.0
422,1.0,1,1,0,0,0,0,0,0,1,1,1820,1719.0,100.0,360.0
423,0.0,1,1,1,0,0,0,0,0,1,0,7250,1667.0,110.0,360.0
424,1.0,1,1,0,0,0,0,0,1,0,1,14880,0.0,96.0,360.0
425,1.0,1,1,0,0,0,0,0,0,0,1,2666,4300.0,121.0,360.0
426,1.0,0,0,1,0,0,1,0,0,0,0,4606,0.0,81.0,360.0
427,1.0,1,1,0,1,0,0,0,1,0,1,5935,0.0,133.0,360.0
428,1.0,1,1,0,0,0,0,0,0,0,1,2920,16.12000084,87.0,360.0
429,1.0,1,0,0,0,0,1,0,0,1,1,2717,0.0,60.0,180.0
430,1.0,0,0,1,0,0,0,1,1,0,1,8624,0.0,150.0,360.0
431,0.0,1,0,0,0,0,0,0,0,0,0,6500,0.0,105.0,360.0
432,1.0,1,0,0,0,0,0,0,1,0,1,12876,0.0,405.0,360.0
433,1.0,1,1,0,0,0,0,0,1,0,1,2425,2340.0,143.0,360.0
434,1.0,1,0,0,0,0,0,0,0,1,1,3750,0.0,100.0,360.0
435,1.0,0,1,0,0,0,0,0,1,0,1,10047,0.0,128.0,240.0
436,1.0,1,0,0,0,0,0,0,1,0,1,1926,1851.0,50.0,360.0
437,1.0,1,1,0,0,0,0,0,0,1,1,2213,1125.0,128.0,360.0
438,0.0,1,0,0,0,0,0,1,0,1,0,10416,0.0,187.0,360.0
439,1.0,0,1,0,0,0,1,1,0,0,1,7142,0.0,138.0,360.0
440,1.0,1,0,0,0,0,0,0,1,0,1,3660,5064.0,187.0,360.0
441,1.0,1,1,0,0,0,0,0,0,0,1,7901,1833.0,180.0,360.0
442,1.0,1,0,0,0,1,1,0,1,0,1,4707,1993.0,148.0,360.0
443,1.0,1,0,1,0,0,0,0,1,0,1,37719,0.0,152.0,360.0
444,1.0,1,1,0,0,0,0,0,0,0,1,7333,8333.0,175.0,300.0
445,1.0,1,1,1,0,0,0,1,0,0,1,3466,1210.0,130.0,360.0
446,1.0,1,1,0,1,0,1,0,0,0,1,4652,0.0,110.0,360.0
447,1.0,1,1,0,0,0,0,0,0,0,0,3539,1376.0,55.0,360.0
448,0.0,1,1,0,1,0,0,0,0,0,0,3340,1710.0,150.0,360.0
449,1.0,1,0,1,0,0,1,1,1,0,0,2769,1542.0,190.0,360.0
450,0.0,1,1,0,1,0,1,0,0,0,0,2309,1255.0,125.0,360.0
451,1.0,1,1,0,1,0,1,0,0,1,1,1958,1456.0,60.0,300.0
452,0.0,1,1,0,0,0,0,0,0,0,0,3948,1733.0,149.0,360.0
453,0.0,1,1,0,0,0,0,0,0,0,1,2483,2466.0,90.0,180.0
454,1.0,1,0,0,0,0,0,1,1,0,1,7085,0.0,84.0,360.0
455,1.0,1,1,0,1,0,0,0,1,0,1,3859,0.0,96.0,360.0
456,1.0,1,1,0,0,0,0,0,0,1,1,4301,0.0,118.0,360.0
457,1.0,1,1,0,0,0,0,0,0,1,0,3708,2569.0,173.0,360.0
458,1.0,1,0,0,1,0,0,0,0,0,1,4354,0.0,136.0,360.0
459,1.0,1,1,0,0,0,0,0,1,0,0,8334,0.0,160.0,360.0
460,1.0,1,1,0,0,0,0,1,1,0,1,2083,4083.0,160.0,360.0
461,1.0,1,1,0,0,1,0,0,0,1,1,7740,0.0,128.0,180.0
462,1.0,1,1,0,0,0,0,0,0,0,1,3015,2188.0,153.0,360.0
463,1.0,0,0,1,0,0,1,0,1,0,1,5191,0.0,132.0,360.0
464,0.0,1,0,0,0,0,0,0,1,0,0,4166,0.0,98.0,360.0
465,1.0,1,0,0,0,0,0,0,0,0,1,6000,0.0,140.0,360.0
466,0.0,1,1,0,0,1,1,0,0,1,0,2947,1664.0,70.0,180.0
467,1.0,1,1,0,0,0,0,0,1,0,1,16692,0.0,110.0,360.0
468,1.0,0,1,0,1,0,1,0,1,0,1,210,2917.0,98.0,360.0
469,1.0,1,1,0,0,0,0,0,0,1,0,4333,2451.0,110.0,360.0
470,1.0,1,1,1,0,0,0,1,1,0,1,3450,2079.0,162.0,360.0
471,0.0,1,1,1,0,0,1,0,0,0,0,2653,1500.0,113.0,180.0
472,1.0,1,1,0,0,1,0,0,1,0,1,4691,0.0,100.0,360.0
473,1.0,0,0,0,0,0,0,1,0,1,1,2500,0.0,93.0,360.0
474,1.0,1,0,0,1,0,0,0,0,0,1,5532,4648.0,162.0,360.0
475,1.0,1,1,0,1,0,0,1,0,0,1,16525,1014.0,150.0,360.0
476,1.0,1,1,0,1,0,0,0,1,0,1,6700,1750.0,230.0,300.0
477,0.0,1,1,0,1,0,0,0,1,0,0,2873,1872.0,132.0,360.0
478,1.0,1,1,1,0,0,0,1,1,0,1,16667,2250.0,86.0,360.0
479,1.0,1,1,0,1,0,0,0,0,1,0,2947,1603.0,128.0,360.0
480,1.0,0,0,0,0,0,1,0,0,0,1,4350,0.0,154.0,360.0
481,1.0,1,1,0,0,1,1,0,0,0,1,3095,0.0,113.0,360.0
482,1.0,1,1,0,0,0,0,0,1,0,1,2083,3150.0,128.0,360.0
483,1.0,1,1,0,0,0,0,0,1,0,1,10833,0.0,234.0,360.0
484,1.0,1,1,0,1,0,0,0,1,0,1,8333,0.0,246.0,360.0
485,1.0,1,1,1,0,0,1,0,0,0,1,1958,2436.0,131.0,360.0
486,0.0,1,0,0,1,0,0,0,0,0,0,3547,0.0,80.0,360.0
487,1.0,1,1,1,0,0,0,0,0,1,0,18333,0.0,500.0,360.0
488,1.0,1,1,0,1,0,0,1,1,0,1,4583,2083.0,160.0,360.0
489,1.0,1,0,0,0,0,0,0,0,1,0,2435,0.0,75.0,360.0
490,1.0,1,0,0,0,0,1,0,1,0,1,2699,2785.0,96.0,360.0
491,1.0,1,1,1,0,0,1,0,0,1,1,5333,1131.0,186.0,360.0
492,1.0,1,0,0,0,0,1,0,0,0,1,3691,0.0,110.0,360.0
493,1.0,0,0,0,0,0,1,1,1,0,1,17263,0.0,225.0,360.0
494,0.0,1,1,0,0,0,0,0,0,0,0,3597,2157.0,119.0,360.0
495,1.0,0,1,1,0,0,0,0,1,0,1,3326,913.0,105.0,84.0
496,1.0,1,1,0,0,0,1,0,0,0,1,2600,1700.0,107.0,360.0
497,1.0,1,1,0,0,0,0,0,0,1,1,4625,2857.0,111.0,12.0
498,1.0,1,1,1,0,0,0,1,1,0,1,2895,0.0,95.0,360.0
499,0.0,1,0,0,0,0,0,0,0,0,0,6283,4416.0,209.0,360.0
500,1.0,0,0,0,0,0,0,0,0,0,1,645,3683.0,113.0,480.0
501,1.0,0,0,0,0,0,0,0,1,0,1,3159,0.0,100.0,360.0
502,1.0,1,1,0,1,0,0,0,1,0,1,4865,5624.0,208.0,360.0
503,1.0,1,1,1,0,0,1,0,0,0,0,4050,5302.0,138.0,360.0
504,1.0,1,1,0,0,0,1,0,1,0,1,3814,1483.0,124.0,300.0
505,1.0,1,1,0,1,0,0,0,0,0,1,3510,4416.0,243.0,360.0
506,1.0,1,1,0,0,0,0,0,0,1,1,20833,6667.0,480.0,360.0
507,1.0,1,0,0,0,0,0,0,0,1,0,3583,0.0,96.0,360.0
508,1.0,1,1,0,0,0,0,1,0,1,1,2479,3013.0,188.0,360.0
509,1.0,0,0,1,0,0,0,0,0,1,1,13262,0.0,40.0,360.0
510,1.0,1,0,0,0,0,1,0,0,0,0,3598,1287.0,100.0,360.0
511,1.0,1,1,1,0,0,0,0,1,0,1,6065,2004.0,250.0,360.0
512,1.0,1,1,0,1,0,0,0,0,1,1,3283,2035.0,148.0,360.0
513,1.0,1,1,0,0,0,0,0,1,0,0,2130,6666.0,70.0,180.0
514,1.0,1,0,0,0,0,0,0,0,0,0,5815,3666.0,311.0,360.0
515,1.0,1,1,0,0,1,0,0,0,0,1,3466,3428.0,150.0,360.0
516,1.0,0,1,0,1,0,0,0,1,0,1,2031,1632.0,113.0,480.0
517,0.0,1,1,0,0,0,1,0,1,0,0,3074,1800.0,123.0,360.0
518,1.0,1,0,0,0,0,0,0,1,0,0,4683,1915.0,185.0,360.0
519,1.0,0,0,0,0,0,1,0,0,0,0,3400,0.0,95.0,360.0
520,1.0,1,1,0,1,0,1,0,1,0,1,2192,1742.0,45.0,360.0
521,1.0,1,0,0,0,0,0,0,1,0,1,2500,0.0,55.0,360.0
522,1.0,1,1,0,0,1,0,1,0,0,1,5677,1424.0,100.0,360.0
523,1.0,1,1,0,1,0,0,1,0,0,1,7948,7166.0,480.0,360.0
524,1.0,1,0,0,0,0,0,0,1,0,0,4680,2087.0,128.0,360.0
525,1.0,1,1,0,1,0,0,1,0,0,1,17500,0.0,400.0,360.0
526,1.0,1,1,0,0,0,0,0,1,0,1,3775,0.0,110.0,360.0
527,0.0,1,1,1,0,0,1,0,1,0,1,5285,1430.0,161.0,360.0
528,1.0,1,0,1,0,0,1,0,1,0,1,2679,1302.0,94.0,360.0
529,1.0,1,0,0,0,0,1,0,1,0,1,6783,0.0,130.0,360.0
530,1.0,1,1,0,0,0,0,0,0,0,1,1025,5500.0,216.0,360.0
531,1.0,1,1,0,0,1,0,0,0,1,1,4281,0.0,100.0,360.0
532,0.0,1,0,0,1,0,0,0,0,0,0,3588,0.0,110.0,360.0
533,1.0,1,0,1,0,0,0,0,1,0,0,11250,0.0,196.0,360.0
534,1.0,0,0,0,0,0,1,1,0,1,1,18165,0.0,125.0,360.0
535,1.0,1,0,0,0,0,1,0,0,0,1,2550,2042.0,126.0,360.0
536,1.0,1,1,0,0,0,0,0,0,1,1,6133,3906.0,324.0,360.0
537,1.0,1,0,0,1,0,0,0,1,0,1,3617,0.0,107.0,360.0
538,1.0,1,1,0,0,0,1,0,0,0,0,2917,536.0,66.0,360.0
539,1.0,1,1,0,0,1,0,0,0,0,1,6417,0.0,157.0,180.0
540,1.0,0,1,1,0,0,0,0,1,0,1,4608,2845.0,140.0,180.0
541,0.0,0,0,0,0,0,0,0,1,0,0,2138,0.0,99.0,360.0
542,1.0,0,0,1,0,0,0,0,1,0,1,3652,0.0,95.0,360.0
543,1.0,1,1,1,0,0,1,0,0,1,1,2239,2524.0,128.0,360.0
544,1.0,0,1,0,0,0,1,0,1,0,1,3017,663.0,102.0,360.0
545,1.0,1,1,0,0,0,0,0,0,0,1,2768,1950.0,155.0,360.0
546,1.0,1,0,0,0,0,1,0,1,0,0,3358,0.0,80.0,36.0
547,1.0,1,0,0,0,0,0,0,0,0,1,2526,1783.0,145.0,360.0
548,0.0,0,0,0,0,0,0,0,1,0,0,5000,0.0,103.0,360.0
549,1.0,1,1,0,0,0,0,0,0,0,1,2785,2016.0,110.0,360.0
550,0.0,1,1,0,1,0,0,1,0,0,0,6633,0.0,128.0,360.0
551,1.0,1,1,1,0,0,1,0,0,0,1,2492,2375.0,128.0,360.0
552,1.0,1,1,1,0,0,0,0,0,1,1,3333,3250.0,158.0,360.0
553,0.0,1,1,0,0,0,1,0,0,1,0,2454,2333.0,181.0,360.0
554,0.0,1,1,0,0,0,0,0,0,0,0,3593,4266.0,132.0,180.0
555,1.0,1,1,1,0,0,0,0,1,0,1,5468,1032.0,26.0,360.0
556,1.0,0,0,0,0,0,0,0,0,1,1,2667,1625.0,84.0,360.0
557,1.0,1,1,0,0,1,0,1,1,0,1,10139,0.0,260.0,360.0
558,1.0,1,1,0,0,0,0,0,1,0,1,3887,2669.0,162.0,360.0
559,1.0,0,1,0,0,0,0,0,1,0,1,4180,2306.0,182.0,360.0
560,1.0,1,1,0,1,0,1,0,1,0,1,3675,242.0,108.0,360.0
561,1.0,0,1,1,0,0,0,1,1,0,1,19484,0.0,600.0,360.0
562,1.0,1,1,0,0,0,0,0,0,0,1,5923,2054.0,211.0,360.0
563,1.0,1,0,0,0,0,1,1,1,0,1,5800,0.0,132.0,360.0
564,0.0,1,1,0,1,0,0,0,0,1,0,8799,0.0,258.0,360.0
565,1.0,1,1,0,0,0,1,0,0,0,1,4467,0.0,120.0,360.0
566,1.0,1,0,0,0,0,0,0,0,1,1,3333,0.0,70.0,360.0
567,0.0,1,1,0,0,1,0,0,0,0,0,3400,2500.0,123.0,360.0
568,1.0,0,0,0,0,0,0,0,0,1,0,2378,0.0,9.0,360.0
569,0.0,1,1,0,0,0,0,0,0,1,0,3166,2064.0,104.0,360.0
570,1.0,1,1,1,0,0,0,0,0,1,1,3417,1750.0,186.0,360.0
571,0.0,1,1,0,0,0,0,0,0,1,0,5116,1451.0,165.0,360.0
572,1.0,1,1,0,1,0,0,0,0,1,1,16666,0.0,275.0,360.0
573,1.0,1,1,0,1,0,1,0,1,0,0,6125,1625.0,187.0,480.0
574,1.0,1,1,0,0,1,0,0,1,0,0,6406,0.0,150.0,360.0
575,1.0,1,1,0,1,0,0,0,0,1,1,3159,461.0,108.0,84.0
576,0.0,1,1,0,0,0,0,0,1,0,0,3087,2210.0,136.0,360.0
577,1.0,1,0,0,0,0,0,0,0,1,1,3229,2739.0,110.0,360.0
578,1.0,1,1,1,0,0,0,0,0,0,1,1782,2232.0,107.0,360.0
579,1.0,1,0,0,0,0,0,0,0,1,1,3182,2917.0,161.0,360.0
580,1.0,1,1,0,1,0,0,0,1,0,1,6540,0.0,205.0,360.0
581,1.0,1,0,0,0,0,0,0,0,1,0,1836,33837.0,90.0,360.0
582,1.0,0,1,0,0,0,0,0,1,0,1,3166,0.0,36.0,360.0
583,1.0,1,1,1,0,0,0,0,0,0,0,1880,0.0,61.0,360.0
584,0.0,1,1,1,0,0,0,0,0,0,0,2787,1917.0,146.0,360.0
585,1.0,1,1,1,0,0,0,0,0,0,0,4283,3000.0,172.0,84.0
586,1.0,1,1,0,0,0,0,0,0,1,1,2297,1522.0,104.0,360.0
587,1.0,0,0,0,0,0,1,0,1,0,1,2165,0.0,70.0,360.0
588,1.0,1,0,0,0,0,0,0,1,0,1,4750,0.0,94.0,360.0
589,0.0,1,1,0,1,0,0,1,1,0,0,2726,0.0,106.0,360.0
590,1.0,1,1,0,0,0,0,0,1,0,1,3000,3416.0,56.0,180.0
591,1.0,1,1,0,1,0,0,1,1,0,0,6000,0.0,205.0,240.0
592,1.0,1,0,0,0,1,0,1,1,0,1,9357,0.0,292.0,360.0
593,1.0,1,1,0,0,0,0,0,0,0,1,3859,3300.0,142.0,180.0
594,1.0,1,1,0,0,0,0,1,0,1,1,16120,0.0,260.0,360.0
595,1.0,1,0,0,0,0,1,0,0,0,1,3833,0.0,110.0,360.0
596,1.0,1,1,0,1,0,1,1,0,0,0,6383,1000.0,187.0,360.0
597,0.0,1,0,0,0,0,0,0,1,0,0,2987,0.0,88.0,360.0
598,1.0,1,1,0,0,0,0,1,0,0,1,9963,0.0,180.0,360.0
599,1.0,1,1,0,1,0,0,0,0,1,1,5780,0.0,192.0,360.0
600,1.0,0,0,0,0,1,0,0,0,1,0,416,41667.0,350.0,180.0
601,1.0,1,1,0,0,0,1,0,0,0,1,2894,2792.0,155.0,360.0
602,1.0,1,1,0,0,1,0,0,0,1,1,5703,0.0,128.0,360.0
603,1.0,1,0,0,0,0,0,0,0,0,1,3676,4301.0,172.0,360.0
604,1.0,0,1,1,0,0,0,0,1,0,1,12000,0.0,496.0,360.0
605,1.0,1,1,0,0,0,1,0,0,1,0,2400,3800.0,128.0,180.0
606,1.0,1,1,1,0,0,0,0,1,0,1,3400,2500.0,173.0,360.0
607,1.0,1,1,0,1,0,1,0,0,0,1,3987,1411.0,157.0,360.0
608,1.0,1,1,0,0,0,0,0,0,0,1,3232,1950.0,108.0,360.0
609,1.0,0,0,0,0,0,0,0,0,0,1,2900,0.0,71.0,360.0
610,1.0,1,1,0,0,1,0,0,0,0,1,4106,0.0,40.0,180.0
611,1.0,1,1,1,0,0,0,0,0,1,1,8072,240.0,253.0,360.0
612,1.0,1,1,0,1,0,0,0,0,1,1,7583,0.0,187.0,360.0
613,0.0,0,0,0,0,0,0,1,1,0,0,4583,0.0,133.0,360.0
